{
  "hexagon_radius": 100.0,
  "lattice_const": 173.20508075688772,
  "pivots_svg_coords": [
    [
      200.00000000000003,
      86.60254037844385
    ],
    [
      50.00000000000005,
      173.20508075688772
    ],
    [
      49.999999999999986,
      0.0
    ]
  ]
}