{
  "hexagon_radius": 100.0,
  "lattice_const": 173.20508075688772,
  "pivots_svg_coords": [
    [
      204.82050807568882,
      96.60254037844388
    ],
    [
      54.82050807568884,
      183.20508075688775
    ],
    [
      54.82050807568878,
      10.000000000000028
    ]
  ]
}